{"cameraMode":{"drawMode":0,"name":"Shaded","section":"Shading Mode"},"sceneLighting":false,"audioPlay":false,"sceneViewState":{"m_AlwaysRefresh":false,"showFog":true,"showSkybox":false,"showFlares":true,"showImageEffects":true,"showParticleSystems":true,"showVisualEffectGraphs":true,"m_FxEnabled":false},"in2DMode":false,"pivot":{"x":0.012398988008499146,"y":0.17197157442569734,"z":-0.014184936881065369},"rotation":{"x":-0.025831012055277826,"y":0.9544597864151001,"z":-0.0867207869887352,"w":-0.28430187702178957},"size":0.2690943777561188,"orthographic":false}