{"cameraMode":{"drawMode":0,"name":"Shaded","section":"Shading Mode"},"sceneLighting":true,"audioPlay":false,"sceneViewState":{"m_AlwaysRefresh":false,"showFog":true,"showSkybox":true,"showFlares":true,"showImageEffects":true,"showParticleSystems":true,"showVisualEffectGraphs":true,"m_FxEnabled":false},"in2DMode":false,"pivot":{"x":-174.05459594726563,"y":9.619999885559082,"z":139.25999450683595},"rotation":{"x":-0.03129653260111809,"y":0.5806277990341187,"z":-0.022664370015263559,"w":-0.8133127093315125},"size":1.3892499208450318,"orthographic":false}