{"cameraMode":{"drawMode":0,"name":"Shaded","section":"Shading Mode"},"sceneLighting":false,"audioPlay":false,"sceneViewState":{"m_AlwaysRefresh":false,"showFog":true,"showSkybox":false,"showFlares":true,"showImageEffects":true,"showParticleSystems":true,"showVisualEffectGraphs":true,"m_FxEnabled":false},"in2DMode":false,"pivot":{"x":-0.027090027928352357,"y":0.18189750611782075,"z":-0.027729183435440065},"rotation":{"x":-0.025831012055277826,"y":0.9544597864151001,"z":-0.0867207869887352,"w":-0.28430187702178957},"size":0.29336076974868777,"orthographic":false}